keyword,category,priority
dog vaccinations schedule guide,Preventive Care,high
cat annual vet visit what to expect,Preventive Care,high
dog not eating what to do,Symptoms,high
cat vomiting when to worry,Symptoms,high
how often should dog go to vet,Preventive Care,high
pet insurance worth it,Pet Insurance,high
dog limping causes treatment,Symptoms,high
cat hiding behavior explained,Behavior,high
dog diarrhea home remedies,Symptoms,high
cat not using litter box causes,Behavior,high
puppy vet schedule first year,Preventive Care,high
kitten vet schedule first year,Preventive Care,high
dog teeth cleaning cost,Dental Health,high
dog dental health guide,Dental Health,high
cat dental disease signs,Dental Health,high
dog heartworm prevention guide,Preventive Care,high
flea tick prevention dogs,Preventive Care,high
pet emergency vet when to go,Emergency Care,high
dog ear infection symptoms treatment,Common Conditions,high
cat urinary tract infection signs,Common Conditions,high
dog allergies symptoms treatment,Common Conditions,high
pet food ingredients guide,Nutrition,high
dog weight management guide,Nutrition,high
cat obesity health risks,Nutrition,high
senior dog care guide,Senior Pets,high
senior cat care changes,Senior Pets,high
dog arthritis symptoms treatment,Common Conditions,high
cat kidney disease diet,Common Conditions,high
dog anxiety treatment options,Behavior,high
cat stress signs causes,Behavior,high
dog poison emergency guide,Emergency Care,high
toxic plants for cats list,Emergency Care,high
toxic foods for dogs list,Emergency Care,high
dog bite wound care,Emergency Care,high
first aid for pets guide,Emergency Care,high
finding a good veterinarian,Vet Visits,high
low-cost vet clinics options,Vet Visits,high
spay neuter benefits dogs cats,Preventive Care,high
pet microchipping explained,Preventive Care,high
dog diabetes management,Common Conditions,high
dog annual physical exam guide,Preventive Care,medium
cat annual wellness exam guide,Preventive Care,medium
blood work for dogs explained,Diagnostics,medium
senior pet bloodwork panel,Diagnostics,medium
dog urinalysis explained,Diagnostics,medium
pet x-ray costs,Diagnostics,medium
pet ultrasound explained,Diagnostics,medium
dog surgery recovery guide,Surgery,medium
cat post-surgery care,Surgery,medium
pet pain management options,Common Conditions,medium
dog NSAID risks,Medications,medium
Rimadyl for dogs guide,Medications,medium
Gabapentin for dogs,Medications,medium
dog seizure first aid,Emergency Care,medium
cat hyperthyroidism treatment,Common Conditions,medium
dog hypothyroidism guide,Common Conditions,medium
Cushing disease dogs symptoms,Common Conditions,medium
pancreatitis dogs diet,Common Conditions,medium
IBD cats symptoms treatment,Common Conditions,medium
inflammatory bowel disease dogs,Common Conditions,medium
dog cancer signs to watch for,Common Conditions,medium
cat cancer treatment options,Common Conditions,medium
canine lymphoma explained,Common Conditions,medium
mast cell tumor dogs,Common Conditions,medium
dog hip dysplasia treatment,Orthopedic,medium
luxating patella dogs,Orthopedic,medium
torn ACL in dogs treatment,Orthopedic,medium
dog cruciate surgery cost,Orthopedic,medium
cataracts in dogs treatment,Eye Health,medium
glaucoma in dogs,Eye Health,medium
dog eye infection treatment,Eye Health,medium
cat conjunctivitis home care,Eye Health,medium
dog ear hematoma treatment,Ear Health,medium
tick-borne disease dogs guide,Parasites,medium
Lyme disease dogs symptoms,Parasites,medium
anaplasmosis dogs treatment,Parasites,medium
dog kennel cough treatment,Respiratory,medium
dog pneumonia signs,Respiratory,medium
feline asthma explained,Respiratory,medium
cat upper respiratory infection,Respiratory,medium
parvovirus dogs signs treatment,Infectious Disease,medium
distemper in dogs,Infectious Disease,medium
leptospirosis dog vaccine,Vaccines,medium
FIV cats explained,Infectious Disease,medium
FeLV cats prevention,Infectious Disease,medium
ringworm in cats and dogs,Skin Conditions,medium
mange in dogs types,Skin Conditions,medium
dog hot spots treatment,Skin Conditions,medium
sebaceous cyst dog,Skin Conditions,medium
dog skin cancer signs,Skin Conditions,medium
dog wart removal options,Skin Conditions,medium
puppy socialization guide,Behavior,medium
dog reactivity training guide,Behavior,medium
separation anxiety dogs treatment,Behavior,medium
crate training benefits guide,Behavior,medium
cat enrichment indoor cats,Behavior,medium
cat scratching furniture solutions,Behavior,medium
introducing new pet to home,Behavior,medium
multi-pet household tips,Behavior,medium
dog breed health issues guide,Breed Info,medium
brachycephalic dog health problems,Breed Info,medium
large breed dog joint health,Breed Info,medium
small breed dental health dogs,Breed Info,medium
dog grooming health benefits,Grooming,medium
cat grooming matting prevention,Grooming,medium
dog nail trimming fear,Grooming,medium
ear cleaning dogs guide,Grooming,medium
history of veterinary medicine,General Info,low
becoming a veterinarian career,General Info,low
veterinary technician vs veterinarian,General Info,low
veterinary specialties explained,General Info,low
AVMA veterinary guidelines,General Info,low
AAHA accredited vet benefits,Vet Visits,low
veterinary malpractice explained,General Info,low
pet records keeping guide,Vet Visits,low
USDA health certificate pets,Travel,low
traveling with pets airline rules,Travel,low
pet passport guide international,Travel,low
emotional support animal vs service animal,General Info,low
ESA letter process guide,General Info,low
ADA pet laws explained,General Info,low
Fair Housing Act pet rules,General Info,low
pet-friendly rental housing tips,General Info,low
pet ownership statistics 2024,General Info,low
most popular dog breeds,Breed Info,low
most popular cat breeds,Breed Info,low
pet industry statistics,General Info,low
raw diet for dogs explained,Nutrition,low
grain-free dog food controversy,Nutrition,low
DCM and grain-free food,Nutrition,low
dog food ratings guide,Nutrition,low
cat food wet vs dry comparison,Nutrition,low
dog supplement guide,Nutrition,low
fish oil for dogs benefits,Nutrition,low
probiotics for dogs guide,Nutrition,low
CBD for dogs safety,Medications,low
melatonin for dogs dosage,Medications,low
benadryl for dogs safety,Medications,low
aspirin for dogs dangers,Medications,low
coconut oil for dogs uses,Nutrition,low
essential oils toxic to pets,Emergency Care,low
pet cremation options guide,End of Life,low
pet burial laws,End of Life,low
pet loss grief resources,End of Life,low
adopting vs buying pets,Getting a Pet,low
rescue vs breeder debate,Getting a Pet,low
responsible breeder checklist,Getting a Pet,low
puppy mill signs to avoid,Getting a Pet,low
dog puzzle toys enrichment,Behavior,low
interactive cat toys benefits,Behavior,low
dog park safety tips,Safety,low
holiday food dangers pets,Safety,low
pool safety for dogs,Safety,low
hot car danger pets,Safety,low
pet first aid kit contents,Emergency Care,low
CPR for pets guide,Emergency Care,low
Heimlich maneuver dogs,Emergency Care,low
snake bite dog first aid,Emergency Care,low
bee sting dog reaction,Emergency Care,low
burned paws treatment dogs,Emergency Care,low
frostbite dogs cold weather,Emergency Care,low
heatstroke dogs signs treatment,Emergency Care,low
Addisons disease dogs,Common Conditions,low
immune-mediated hemolytic anemia dogs,Common Conditions,low
intervertebral disc disease dogs,Orthopedic,low
degenerative myelopathy dogs,Orthopedic,low
dilated cardiomyopathy dogs,Heart Health,low
heart murmur dogs explained,Heart Health,low
congestive heart failure dogs,Heart Health,low
hyperthyroidism cats treatment,Common Conditions,low
feline infectious peritonitis FIP,Infectious Disease,low
